nome,dimensione,tempo,errore,memoria
ex15.mat,6867,0.1472626,6.83705032883279e-07,6.05813789367676
cfd1.mat,70656,0.6905775,8.27664206864569e-14,403.043352127075
shallow_water1.mat,81920,0.2111068,2.3736887601939e-16,46.739221572876
cfd2.mat,123440,1.546437,3.30746454048133e-13,785.441278457642
parabolic_fem.mat,525825,2.0555664,1.0141260501741e-12,518.639093399048
apache2.mat,715176,5.4272579,4.40594001896816e-11,1887.42037391663
StocF-1465.mat,1465137,294.4314874,2.80475380725404e-10,35055.3151721954
Flan_1565.mat,1564794,225.5825521,8.49845690437523e-12,35873.374879837
G3_circuit.mat,1585478,10.5281383,3.54460676969902e-12,2240.67419624329
