nome,dimensione,tempo,errore,memoria
ex15.mat,6867,0.00675,6.38653273883116e-07,2.94210910797119
cfd1.mat,70656,0.651461,9.82091820462513e-14,346.252930641174
shallow_water1.mat,81920,0.082205,2.3771757059709e-16,35.4892053604126
cfd2.mat,123440,0.760392,3.74429637796161e-13,689.398598670959
parabolic_fem.mat,525825,1.322973,1.05339382533579e-12,398.474968910217
apache2.mat,715176,3.45245,4.39197998890054e-11,1729.47791385651
G3_circuit.mat,1585478,5.344077,3.57416803420917e-12,1982.69184970856
