nome,dimensione,tempo,errore,memoria
ex15.mat,6867,0.0329575,6.83705032883279e-07,1.61040496826172
cfd1.mat,70656,0.6628296,8.27664206864569e-14,28.9342727661133
shallow_water1.mat,81920,0.1761058,2.3736887601939e-16,6.25000762939453
cfd2.mat,123440,1.3873946,3.30746454048133e-13,48.9631118774414
parabolic_fem.mat,525825,1.8482277,1.0141260501741e-12,64.0937881469727
apache2.mat,715176,4.5829425,4.40594001896816e-11,84.4275894165039
StocF-1465.mat,1465137,267.1480249,2.80475380725404e-10,342.873023986816
Flan_1565.mat,1564794,228.4982376,8.49845690437523e-12,1765.9021987915
G3_circuit.mat,1585478,6.8541255,3.54460676969902e-12,141.087409973145
