nome,dimensione,tempo,errore,memoria
apache2,715176,5.2665543,0.3454870475010348,0
