nome,dimensione,tempo,errore,memoria
apache2,715176,9.2482182,0.000000000057309503129216214,1967010520
ex15,6867,0.0143829,0.0000008619765486472471,3912792
cfd2,123440,3.5032793,0.00000000000020902888928786452,733009560
cfd1,70656,1.2877034,0.000000000000024508954681775098,373149184
parabolic_fem,525825,1.6817581000000001,0.0000000000028822522476501372,391508304
shallow_water1,81920,0.1534889,0.0000000000000002450514124412267,32359264
G3_circuit,1585478,10.4101787,0.000000000004604786093146012,1963122520
Flan_1565,1564794,643.3246441,0.6022888520365967,33384438496
StocF-1465,1465137,862.8971146,0.11329713139601125,35878285680
