nome,dimensione,tempo,errore,memoria
cfd2,123440,4.8103142,0.00000000000020543817242145721,1374738072
cfd1,70656,2.7387126,0.00000000000002472767138130544,373149184
G3_circuit,1585478,23.8347226,0.000000000004604769434850859,1963122520
parabolic_fem,525825,5.4066015,0.0000000000028822373355973458,391508304
apache2,715176,21.5407391,0.000000000057309459185640996,1740518104
shallow_water1,81920,0.6374368,0.0000000000000002450538684568261,32359264
ex15,6867,0.0219451,0.0000008619765486472471,3912792
