nome,dimensione,tempo,errore,memoria
apache2,715176,5.9259699999999995,0.3454870475010348,0
Flan_1565,1564794,204.1162225,0.8336298630677039,0
shallow_water1,81920,0.4769188,0.0000000000000002450664551504521,0
ex15,6867,0.0088241,0.0000008619765486472471,0
StocF-1465,1465137,239.2289658,0.2626051232208872,0
