nome,dimensione,tempo,errore,memoria
apache2,715176,6.736183614,0.00000000005730943702644229,1808.39
ex15,6867,0.006021527,0.0000008619765486472471,5.50
cfd2,123440,2.769065097,0.00000000000019713414200548347,748.12
cfd1,70656,1.049117925,0.000000000000016261392612668567,384.89
parabolic_fem,525825,1.261499458,0.0000000000028822095615984158,437.49
shallow_water1,81920,0.07479341,0.0000000000000002450824178320583,37.12
G3_circuit,1585478,8.211568328,0.000000000004604954465073661,2013.35
Flan_1565,1564794,1327.788000159,0.0000000000034056310544603563,33653.45
StocF-1465,1465137,1862.264697655,0.0000000003610112462820837,34559.40
