nome,dimensione,tempo,errore,memoria
apache2,715176,5.5211614,0.00000000005730943702644229,1837510472
ex15,6867,0.0072488,0.0000008619765486472471,5766152
cfd2,123440,2.4320887,0.00000000000019713414200548347,784461832
cfd1,70656,0.9130724,0.000000000000016261392612668567,403583792
parabolic_fem,525825,0.928492,0.0000000000028822095615984158,458740992
shallow_water1,81920,0.0625943,0.0000000000000002450824178320583,38926800
G3_circuit,1585478,6.8179427,0.000000000004604954465073661,2111152904
Flan_1565,1564794,470.4429953,0.0000000000034056310544603563,35288200784
StocF-1465,1465137,803.4233477,0.0000000003610112462820837,36238157984
