nome,dimensione,tempo,errore,memoria
ex15,6867,0.3035388,0.000000883539445849998,4.044471740722656
